"0","gender <- c(""ç”·æ€§"", ""ç”·æ€§"", ""å¥³æ€§"", ""ç”·æ€§"", ""å¥³æ€§"", ""ç”·æ€§"")"
"2","Warning message:
"
"2","In strsplit(code, ""\n"", fixed = TRUE) :"
"2","
 "
"2"," input string 1 is invalid in this locale
"
"0","library(plyr)"
"0","revalue(x, c(""ç”·æ€§""=""male"", ""å¥³æ€§""=""female""))"
"2","The following `from` values were not present in `x`: ¨k©Ê, ¤k©Ê
"
"1","[1]"
"1"," male  "
"1"," male  "
"1"," female"
"1"," male  "
"1"," female"
"1"," male  "
"1","
"
"1","Levels: "
"1","female male"
"1","
"
"0","#> [1] 'male' 'male' 'female' 'male' 'female' 'male'  "
"0","#> Levels: 'male' 'female'"
"0","mapvalues(x, from = c(""ç”·æ€§"", ""å¥³æ€§""), to = c(""male"", ""female""))"
"2","The following `from` values were not present in `x`: ¨k©Ê, ¤k©Ê
"
"1","[1]"
"1"," male  "
"1"," male  "
"1"," female"
"1"," male  "
"1"," female"
"1"," male  "
"1","
"
"1","Levels: "
"1","female male"
"1","
"
"0","#> [1]  'male' 'male' 'female' 'male' 'female' 'male' "
"0","#> Levels: 'male' 'female'"
